task_id,task_name,description_output,ChatGPT Response1,ChatGPT Response2,ChatGPT Response3,ChatGPT Response4
31,1e0a9b12,"To make the output, you have to...think of the grid as a black field and as the colored squares as being objects floating in space. Gravity is suddenly turned on and all of the block fall vertically to the bottom. That produces the correct output grid.","To make the output, you have to...think of the grid as a white field and as the colored squares as being objects floating in space. Gravity is suddenly turned on and all of the block stay at the top. That produces the correct output grid.","To make the output, you have to...imagine the grid as a black field and as the colored squares as being stationary objects in space. Gravity is suddenly turned off and all of the block rise vertically to the top. That produces the correct output grid.","To make the output, you have to...visualize the grid as a black field and as the colored squares as being attached objects in space. Gravity is suddenly turned sideways and all of the block push horizontally to the left. That produces the correct output grid.","To make the output, you have to...consider the grid as a black field and as the colored squares as being stationary objects in space. Gravity is always turned off and all of the block remain in place. That produces the correct output grid."
86,3c9b0459,"To make the output, you have to...rotate the grid 180 degrees clockwise.","To make the output, you have to...rotate the grid 90 degrees counterclockwise.","To make the output, you have to...keep the grid as it is without any rotation.","To make the output, you have to...flip the grid horizontally.","To make the output, you have to...remove all the colors from the grid."
13,0b148d64,"To make the output, you have to...distinguish between four sections colored in random patterns, and among these, identify the one section that is colored differently. Afterward, copy only the differently colored section into the output grid.","To make the output, you have to...uniformly color the entire grid and then copy the resulting pattern into the output grid.","To make the output, you have to...erase all sections except one, and then copy the remaining section into the output grid without distinguishing colors.","To make the output, you have to...fill the four sections with the same color pattern and then copy all of them into the output grid.","To make the output, you have to...combine the four sections into one and then copy the merged section into the output grid."
96,42a50994,"To make the output, you have to...copy the input grid, identify which pixels are connected or touching any other and change background colors of single pixels to the background color or black.","To make the output, you have to...copy the output grid, identify single pixels from it and change background colors of connected pixels to the background color or black.","To make the output, you have to...copy the input grid, identify which pixels are isolated or alone and change background colors of connected pixels to the background color or black.","To make the output, you have to...duplicate the input grid, disregard touching pixels and keep single pixels unchanged.","To make the output, you have to...copy the output grid, focus on pixels that are isolated and maintain their colors while erasing connected pixels."
67,31aa019c,"To make the output, you have to...make the entire output grid black. then find the block in the input grid that is the only one of that color and place it in the same position in the output grid. Then surround that block with blocks of the bright red-orange color.","To make the output, you have to...make the entire output grid white, find the block in the input grid that is the same color and position it differently in the output grid.","To make the output, you have to...make the entire output grid blue, find the block in the input grid that has the same color as the majority and place it on the opposite side in the output grid.","To make the output, you have to...make the entire output grid green, then find the block in the input grid that is the smallest and place it in the corner of the output grid. Then surround that block with blocks of dark green color.","To make the output, you have to...make the entire output grid yellow, then find the block in the input grid that is the largest and place it at the top in the output grid. Then surround that block with blocks of the dark blue color."
145,662c240a,"To make the output, you have to...replicate a non-diagonally symmetrical 3x3 grid from a 9x3 grid. It is composed with 3 Two-color 3x3 grids, which are vertically connected in.","To make the output, you have to...change the diagonally symmetrical 3x3 grid to a 6x3 grid. Find the misplaced colors and switch them with new colors.","To make the output, you have to...create a completely symmetrical 3x3 grid from a 9x3 grid. Use three differently colored squares to ensure the symmetry.","To make the output, you have to...create a horizontally symmetrical 3x4 grid from a 9x3 grid. Combine four patterns of colors to form the grid.","To make the output, you have to...use a diagonally symmetrical 3x3 grid composed of 2 Three-color 3x2 grids, which are horizontally connected in."
234,995c5fa3,"To make the output, you have to...Identify the shapes of three objects from the input grid and determine their corresponding colors. A 4x4 square is red, an object with a center hole is light blue, an object indented on right and left sides is green, and an object indented at the bottom is yellow. Color each object from left to right in the input grid, filling the 3x3 output grid row by row from the top.","To make the output, you have to...Identify the shapes of three objects from the input grid and determine their corresponding colors. A 4x4 square is blue, an object with a center hole is pink, an object indented on right and left sides is gray, and an object indented at the bottom is brown. Color each object from left to right in the input grid, filling the 3x3 output grid row by row from the top.","To make the output, you have to...Identify the shapes of four objects from the input grid and determine their corresponding colors. A 3x3 square is black, an object with a center hole is black, an object indented on right and left sides is black, and an object indented at the bottom is black. Color each object from left to right in the input grid, filling the 3x3 output grid row by row from the top.","To make the output, you have to...Identify the shapes of three objects from the input grid and determine their corresponding colors. A 4x4 square is purple, an object with a center hole is white, an object indented on right and left sides is orange, and an object indented at the bottom is brown. Color each object from left to right in the input grid, filling the 3x3 output grid row by row from the bottom.","To make the output, you have to...Identify the shapes of two objects from the input grid and determine their corresponding colors. A 4x4 square is red, an object with a center hole is light blue, an object indented on right and left sides is green, and an object indented at the bottom is yellow. Color each object from left to right in the input grid, filling the 3x3 output grid row by row from the top."
307,c8cbb738,"To make the output, you have to...combine groups of pixels of different colors while maintaining their shapes around a common center. The colors from the input grid must remain unchanged.","To make the output, you have to...separate groups of pixels of the same color and scatter them randomly on the grid. The colors from the input grid must be modified.","To make the output, you have to...erase all groups of pixels except the red ones and place them at the corners of the grid. The colors from the input grid must remain unchanged.","To make the output, you have to...combine groups of pixels of identical colors while altering their shapes to match the background. The colors from the input grid must remain unchanged.","To make the output, you have to...distribute groups of pixels of different colors across the grid without maintaining their shapes. The colors from the input grid should be changed to grayscale."
273,b0c4d837,"To make the output, you have to...calculate the inside height of the U shape made of gray pixels. Subtract the height filled with light blue pixels from the original height of the U. Fill the 3x3 output grid with this difference in light blue pixels, starting from left to right on the top row, and right to left on the following rows.","To make the output, you have to...divide the inside width of the U shape made of gray pixels. Add the width filled with light blue pixels to the original width of the U. Fill the 3x3 output grid with this sum in light blue pixels, starting from right to left on the top row, and left to right on the following rows.","To make the output, you have to...double the outside height of the L shape made of gray pixels. Subtract the height filled with red pixels from the new height of the L. Fill the 3x3 output grid with this difference in red pixels, starting from left to right on the bottom row, and right to left on the following rows.","To make the output, you have to...calculate the outside height of the T shape made of black pixels. Subtract the height filled with yellow pixels from the original height of the T. Fill the 3x3 output grid with this difference in yellow pixels, starting from right to left on the top row, and left to right on the following rows.","To make the output, you have to...add the inside width of the O shape made of blue pixels. Divide the width filled with green pixels by the original width of the O. Fill the 3x3 output grid with this quotient in green pixels, starting from left to right on the top row, and right to left on the following rows."
331,d406998b,"To make the output, you have to...begin from the right-most column and change the grey pixels in the odd-numbered columns with green.","To make the output, you have to...begin from the left-most column and change the grey pixels in the odd-numbered columns with blue.","To make the output, you have to...start from the top row and change the grey pixels in the even-numbered rows with pink.","To make the output, you have to...begin from the bottom row and keep the grey pixels in the even-numbered columns unchanged.","To make the output, you have to...start from the left-most column and change the black pixels in the odd-numbered columns to red."
